Timestamp,Sensor_ID,Temperature_C
2026-10-06 14:22:07,SENS-8741,172
2026-10-06 14:27:07,SENS-7304,197
2026-10-06 14:32:07,SENS-3774,208
2026-10-06 14:37:07,SENS-6723,211
2026-10-06 14:42:07,SENS-8602,144
2026-10-06 14:47:07,SENS-2318,132
2026-10-06 14:52:07,SENS-1129,205
2026-10-06 14:57:07,SENS-9166,210
2026-10-06 15:02:07,SENS-7728,205
2026-10-06 15:07:07,SENS-5595,132
2026-10-06 15:12:07,SENS-4270,216
2026-10-06 15:17:07,SENS-3919,217
2026-10-06 15:22:07,SENS-9609,203
2026-10-06 15:27:07,SENS-8945,197
2026-10-06 15:32:07,SENS-1492,215
2026-10-06 15:37:07,SENS-4740,132
2026-10-06 15:42:07,SENS-9041,215
2026-10-06 15:47:07,SENS-8508,216
2026-10-06 15:52:07,SENS-6894,201
2026-10-06 15:57:07,SENS-9550,203
2026-10-06 16:02:07,SENS-7049,197
2026-10-06 16:07:07,SENS-5972,210
2026-10-06 16:12:07,SENS-2203,211
2026-10-06 16:17:07,SENS-4697,203
2026-10-06 16:22:07,SENS-2075,214
2026-10-06 16:27:07,SENS-9342,197
2026-10-06 16:32:07,SENS-1998,212
2026-10-06 16:37:07,SENS-4506,204
2026-10-06 16:42:07,SENS-2835,221
2026-10-06 16:47:07,SENS-4886,132
2026-10-06 16:52:07,SENS-7390,165
2026-10-06 16:57:07,SENS-1747,208
2026-10-06 17:02:07,SENS-2336,205
2026-10-06 17:07:07,SENS-8805,221
2026-10-06 17:12:07,SENS-6394,197
2026-10-06 17:17:07,SENS-3591,133
